model_name,dataset,r_squared,root_mean_sq_error,mean_avg_percent_err,mean_avg_actual_err
Real_Estate_Price_predictor_2004_2020_CT,train,0.8251681757049693,0.31796291262425513,1.7050815690651744,0.1945130016518309
Real_Estate_Price_predictor_2004_2020_CT,val,0.6881898101138061,0.4033821517450497,2.276172444620678,0.2753211117459152
Real_Estate_Price_predictor_2004_2020_CT,test,0.67756191,0.39019278559518417,2.286783215754255,0.2812963759949734
