,model_name,dataset,r_squared,root_mean_squared_error,mean_average_percent_error,mean_average_actual_error
0,Real_Estate_Price_predictor_2001_2023_CT,train,0.8251681757049693,0.31796291262425513,1.7050815690651744,0.1945130016518309
1,Real_Estate_Price_predictor_2001_2023_CT,val,0.6881898101138061,0.4033821517450497,2.276172444620678,0.2753211117459152
2,Real_Estate_Price_predictor_2001_2023_CT,test,0.677561909797372,0.39019278559518417,2.286783215754255,0.2812963759949734
