model_name,dataset,r_squared,root_mean_sq_error,mean_avg_percent_err,mean_avg_actual_err
Real_Estate_log1p_Price_predictor_2004_2020_CT,train,0.8452319341941721,0.2991623248069052,1.6290678281624844,0.18681152293558215
Real_Estate_log1p_Price_predictor_2004_2020_CT,val,0.6893301448676561,0.40264386281883036,2.2488215666349127,0.2716481907454421
Real_Estate_log1p_Price_predictor_2004_2020_CT,test,0.6740888331820367,0.39228859835589813,2.2726247662967145,0.2791901543012819
