{
  "CRCOG": [-72.954435, 41.544979,-72.156219, 42.037527],
  "WestCOG": [-73.727786, 40.980702,-73.183450, 41.683181],
  "SECOG": [-72.466572, 41.285641,-71.793041, 41.756050],
  "SCRCOG": [-73.120647, 41.172318,-72.534788, 41.578815],
  "RiverCOG": [-72.753209, 41.253677,-72.248741, 41.647298],
  "NVCOG": [-73.326844, 41.255746,-72.845961, 41.723144],
  "NHCOG": [73.518097, 41.503925,-72.898396, 42.050600],
  "NECCOG": [-72.234384, 41.505566,-71.787440, 42.031075],
  "MetroCOG":[-73.368523, 41.041854,-73.034650, 41.392189]
}